id,name
2,Camp Mountaine Room In The Mountaine 410 4 people mountain view hair dryer
2,Camp Mountaine Room In The Mountaine 410 4 people mountain view fan
1,New Casel Room Lux Italian Room 230 2 people river view fan
1,New Casel Room Lux Italian Room 230 2 people river view sea fan
3,New York Room New York Lux Room 600 1 people mountain view TV
12,200 swjwjeejllldddghh 100 1 people river view fan
13,room 210 a comfortable King size bed 120 2 people river view fan
14,room 206 double room 166 2 people sea view fan
15,4seasons room double room 220 2 people mountain view fan
16,111 Single room 250 1 people sea view hair dryer
17,shahba room double room 120 2 people mountain view fan
18,shahba 214 single room 150 1 people sea view hair dryer
19,routana 101 double room 350 2 people river view fan
20,routana 111 Single room 500 1 people sea view hair dryer
21,Big Homs 110 single room 60 1 people sea view fan
22,Big Homs 213 double room 78 2 people mountain view fan
24,Afamia 220 single room 56 1 people sea view fan